4100103;Abatiá;8.259;3.911;3.842;5.721;2.032;7.753
4100202;Adrianópolis;7.007;3.296;3.078;2.060;4.314;6.374
4100301;Agudos do Sul;7.221;4.306;3.964;2.822;5.448;8.270
4100400;Almirante Tamandaré;88.277;51.181;52.064;98.954;4.291;103.245
4100459;Altamira do Paraná;6.999;2.202;2.104;2.135;2.171;4.306
4128625;Alto Paraíso;3.783;1.619;1.587;1.772;1.434;3.206
4100608;Alto Paraná;12.717;6.841;6.821;11.219;2.443;13.662
4100707;Alto Piquiri;10.761;5.128;5.051;8.375;1.804;10.179
4100509;Altônia;19.230;10.157;10.359;15.094;5.422;20.516
4100806;Alvorada do Sul;9.253;5.212;5.086;7.348;2.950;10.298
4100905;Amaporã;4.655;2.756;2.688;4.332;1.112;5.444
4101002;Ampére;15.623;8.586;8.722;13.257;4.051;17.308
4101051;Anahy;3.011;1.435;1.430;2.099;766;2.865
4101101;Andirá;21.663;10.043;10.572;19.356;1.259;20.615
4101150;Ângulo;2.840;1.457;1.404;2.255;606;2.861
4101200;Antonina;19.174;9.349;9.542;16.063;2.828;18.891
4101309;Antônio Olinto;7.407;3.857;3.494;687;6.664;7.351
4101408;Apucarana;107.827;58.630;62.254;114.104;6.780;120.884
4101507;Arapongas;85.428;51.045;53.116;101.862;2.299;104.161
4101606;Arapoti;23.884;12.949;12.907;21.779;4.077;25.856
4101655;Arapuã;4.172;1.760;1.794;1.331;2.223;3.554
4101705;Araruna;13.081;6.823;6.601;10.480;2.944;13.424
4101804;Araucária;94.258;59.668;59.539;110.293;8.914;119.207
4101853;Ariranha do Ivaí;2.883;1.229;1.224;904;1.549;2.453
4101903;Assaí;18.045;8.019;8.349;13.601;2.767;16.368
4102000;Assis Chateaubriand;33.317;16.179;16.849;29.018;4.010;33.028
4102109;Astorga;23.637;12.147;12.557;22.563;2.141;24.704
4102208;Atalaia;4.015;1.970;1.943;3.347;566;3.913
4102307;Balsa Nova;10.153;5.718;5.576;6.871;4.423;11.294
4102406;Bandeirantes;33.732;15.550;16.632;28.382;3.800;32.182
4102505;Barbosa Ferraz;14.110;6.366;6.287;9.584;3.069;12.653
4102703;Barra do Jacaré;2.723;1.385;1.342;1.851;876;2.727
4102604;Barracão;9.271;4.799;4.938;7.015;2.722;9.737
4102752;Bela Vista da Caroba;4.503;2.016;1.923;1.038;2.901;3.939
4102802;Bela Vista do Paraíso;15.031;7.318;7.762;14.198;882;15.080
4102901;Bituruna;15.733;8.152;7.731;9.902;5.981;15.883
4103008;Boa Esperança;5.162;2.280;2.288;2.640;1.928;4.568
4103024;Boa Esperança do Iguaçu;3.107;1.403;1.365;957;1.811;2.768
4103040;Boa Ventura de São Roque;6.780;3.345;3.204;1.544;5.005;6.549
4103057;Boa Vista da Aparecida;8.423;3.994;3.917;4.900;3.011;7.911
4103107;Bocaiúva do Sul;9.050;5.570;5.435;5.136;5.869;11.005
4103156;Bom Jesus do Sul;4.154;1.969;1.827;933;2.863;3.796
4103206;Bom Sucesso;6.173;3.228;3.340;5.337;1.231;6.568
4103222;Bom Sucesso do Sul;3.392;1.639;1.657;1.581;1.715;3.296
4103305;Borrazópolis;9.453;3.937;3.940;5.809;2.068;7.877
4103354;Braganey;6.191;2.938;2.797;3.417;2.318;5.735
4103370;Brasilândia do Sul;3.889;1.602;1.607;2.178;1.031;3.209
4103404;Cafeara;2.485;1.376;1.319;2.195;500;2.695
4103453;Cafelândia;11.143;7.287;7.264;12.316;2.235;14.551
4103479;Cafezal do Sul;4.648;2.167;2.118;3.323;962;4.285
4103503;Califórnia;7.678;4.051;4.018;6.028;2.041;8.069
4103602;Cambará;22.740;11.640;12.231;22.348;1.523;23.871
4103701;Cambé;88.186;47.302;49.433;92.956;3.779;96.735
4103800;Cambira;6.688;3.674;3.562;5.475;1.761;7.236
4103909;Campina da Lagoa;17.018;7.650;7.743;12.556;2.837;15.393
4103958;Campina do Simão;4.365;2.134;1.942;1.388;2.688;4.076
4104006;Campina Grande do Sul;34.566;19.220;19.536;31.937;6.819;38.756
4104055;Campo Bonito;5.128;2.215;2.192;2.580;1.827;4.407
4104105;Campo do Tenente;6.335;3.677;3.448;4.194;2.931;7.125
4104204;Campo Largo;92.782;55.735;56.751;94.253;18.233;112.486
4104253;Campo Magro;20.409;12.504;12.332;19.548;5.288;24.836
4104303;Campo Mourão;80.476;42.085;45.202;82.757;4.530;87.287
4104402;Cândido de Abreu;18.795;8.551;8.111;4.759;11.903;16.662
4104428;Candói;14.185;7.551;7.431;7.011;7.971;14.982
4104451;Cantagalo;12.810;6.562;6.390;8.509;4.443;12.952
4104501;Capanema;18.239;9.152;9.360;11.136;7.376;18.512
4104600;Capitão Leônidas Marques;14.377;7.457;7.479;11.456;3.480;14.936
4104659;Carambeí;14.860;9.703;9.468;13.926;5.245;19.171
4104709;Carlópolis;13.305;6.932;6.774;9.354;4.352;13.706
4104808;Cascavel;245.369;139.727;146.445;270.009;16.163;286.172
4104907;Castro;63.581;33.404;33.678;49.254;17.828;67.082
4105003;Catanduvas;10.421;5.192;5.016;5.344;4.864;10.208
4105102;Centenário do Sul;11.817;5.553;5.625;9.327;1.851;11.178
4105201;Cerro Azul;16.352;8.725;8.223;4.814;12.134;16.948
4105300;Céu Azul;10.445;5.413;5.619;8.387;2.645;11.032
4105409;Chopinzinho;20.543;9.769;9.904;12.503;7.170;19.673
4105508;Cianorte;57.401;34.042;35.920;62.282;7.680;69.962
4105607;Cidade Gaúcha;9.531;5.534;5.533;9.181;1.886;11.067
4105706;Clevelândia;18.338;8.438;8.794;14.756;2.476;17.232
4105805;Colombo;183.329;105.039;107.988;203.251;9.776;213.027
4105904;Colorado;20.957;11.045;11.302;21.007;1.340;22.347
4106001;Congonhinhas;7.851;4.237;4.042;4.834;3.445;8.279
4106100;Conselheiro Mairinck;3.463;1.830;1.797;2.513;1.114;3.627
4106209;Contenda;13.241;8.099;7.793;9.233;6.659;15.892
4106308;Corbélia;15.803;7.965;8.337;13.964;2.338;16.302
4106407;Cornélio Procópio;46.861;22.698;24.227;44.305;2.620;46.925
4106456;Coronel Domingos Soares;7.004;3.792;3.446;1.753;5.485;7.238
4106506;Coronel Vivida;23.306;10.613;11.124;15.432;6.305;21.737
4106555;Corumbataí do Sul;4.946;2.034;1.969;2.128;1.875;4.003
4106803;Cruz Machado;17.667;9.328;8.715;6.057;11.986;18.043
4106571;Cruzeiro do Iguaçu;4.394;2.131;2.143;2.619;1.655;4.274
4106605;Cruzeiro do Oeste;20.222;9.992;10.427;17.667;2.752;20.419
4106704;Cruzeiro do Sul;4.759;2.310;2.253;3.404;1.159;4.563
4106852;Cruzmaltina;3.459;1.635;1.527;1.503;1.659;3.162
4106902;Curitiba;1.587.315;832.500;914.396;1.746.896;0;1.746.896
4107009;Curiúva;12.904;7.105;6.819;9.576;4.348;13.924
4107108;Diamante do Norte;6.099;2.735;2.789;4.559;965;5.524
4107124;Diamante do Sul;3.659;1.795;1.715;1.405;2.105;3.510
4107157;Diamante D'Oeste;4.878;2.570;2.457;2.561;2.466;5.027
4107207;Dois Vizinhos;31.986;17.995;18.203;28.115;8.083;36.198
4107256;Douradina;6.160;3.770;3.676;5.233;2.213;7.446
4107306;Doutor Camargo;5.777;2.870;2.959;5.111;718;5.829
4128633;Doutor Ulysses;6.003;2.980;2.754;939;4.795;5.734
4107405;Enéas Marques;6.382;3.130;2.971;2.126;3.975;6.101
4107504;Engenheiro Beltrão;14.082;6.929;6.991;12.288;1.632;13.920
4107538;Entre Rios do Oeste;3.328;1.953;1.969;2.641;1.281;3.922
4107520;Esperança Nova;2.308;981;989;752;1.218;1.970
4107546;Espigão Alto do Iguaçu;5.388;2.386;2.291;1.646;3.031;4.677
4107553;Farol;3.963;1.723;1.749;2.018;1.454;3.472
4107603;Faxinal;15.608;8.028;8.289;12.745;3.572;16.317
4107652;Fazenda Rio Grande;62.877;40.580;41.107;75.940;5.747;81.687
4107702;Fênix;4.942;2.397;2.405;3.993;809;4.802
4107736;Fernandes Pinheiro;6.368;3.039;2.893;2.094;3.838;5.932
4107751;Figueira;9.038;4.103;4.190;7.091;1.202;8.293
4107850;Flor da Serra do Sul;5.059;2.398;2.327;1.644;3.081;4.725
4107801;Floraí;5.285;2.502;2.548;4.472;578;5.050
4107900;Floresta;5.122;2.943;2.978;5.471;450;5.921
4108007;Florestópolis;12.190;5.684;5.536;10.546;674;11.220
4108106;Flórida;2.434;1.287;1.253;2.322;218;2.540
4108205;Formosa do Oeste;8.755;3.787;3.756;4.964;2.579;7.543
4108304;Foz do Iguaçu;258.543;124.203;131.878;253.950;2.131;256.081
4108452;Foz do Jordão;6.378;2.683;2.731;3.924;1.490;5.414
4108320;Francisco Alves;6.956;3.227;3.197;4.240;2.184;6.424
4108403;Francisco Beltrão;67.132;38.971;39.986;67.456;11.501;78.957
4108502;General Carneiro;13.899;6.898;6.769;9.569;4.098;13.667
4108551;Godoy Moreira;3.836;1.701;1.636;1.547;1.790;3.337
4108601;Goioerê;29.750;14.009;15.015;25.248;3.776;29.024
4108650;Goioxim;8.086;3.925;3.579;1.756;5.748;7.504
4108700;Grandes Rios;7.868;3.381;3.244;3.562;3.063;6.625
4108809;Guaíra;28.659;14.925;15.744;28.176;2.493;30.669
4108908;Guairaçá;5.898;3.106;3.088;4.957;1.237;6.194
4108957;Guamiranga;7.134;4.009;3.891;2.236;5.664;7.900
4109005;Guapirama;4.068;1.929;1.957;2.904;982;3.886
4109104;Guaporema;2.244;1.134;1.084;1.280;938;2.218
4109203;Guaraci;4.919;2.582;2.665;4.214;1.033;5.247
4109302;Guaraniaçu;17.201;7.261;7.322;7.800;6.783;14.583
4109401;Guarapuava;155.161;81.901;85.562;153.098;14.365;167.463
4109500;Guaraqueçaba;8.288;4.179;3.691;2.680;5.190;7.870
4109609;Guaratuba;27.257;15.972;16.116;28.793;3.295;32.088
4109658;Honório Serpa;6.896;3.095;2.865;1.991;3.969;5.960
4109708;Ibaiti;26.448;14.460;14.265;23.097;5.628;28.725
4109757;Ibema;5.872;3.036;3.030;4.941;1.125;6.066
4109807;Ibiporã;42.153;23.442;24.758;45.896;2.304;48.200
4109906;Icaraíma;10.048;4.458;4.381;6.240;2.599;8.839
4110003;Iguaraçu;3.598;2.010;1.982;3.569;423;3.992
4110052;Iguatu;2.255;1.136;1.097;1.438;795;2.233
4110078;Imbaú;9.474;5.748;5.528;7.067;4.209;11.276
4110102;Imbituva;24.496;14.391;14.064;17.888;10.567;28.455
4110201;Inácio Martins;10.963;5.604;5.339;6.288;4.655;10.943
4110300;Inajá;2.915;1.528;1.460;2.761;227;2.988
4110409;Indianópolis;4.212;2.189;2.110;3.148;1.151;4.299
4110508;Ipiranga;13.308;7.330;6.823;4.892;9.261;14.153
4110607;Iporã;16.445;7.379;7.585;11.775;3.189;14.964
4110656;Iracema do Oeste;2.951;1.320;1.258;2.002;576;2.578
4110706;Irati;52.352;27.761;28.527;45.004;11.284;56.288
4110805;Iretama;11.335;5.422;5.180;6.177;4.425;10.602
4110904;Itaguajé;4.771;2.296;2.272;3.636;932;4.568
4110953;Itaipulândia;6.836;4.547;4.480;4.742;4.285;9.027
4111001;Itambaracá;7.090;3.390;3.369;5.080;1.679;6.759
4111100;Itambé;5.956;2.948;3.029;5.669;308;5.977
4111209;Itapejara d'Oeste;9.162;5.263;5.269;6.988;3.544;10.532
4111258;Itaperuçu;19.344;11.989;11.910;19.966;3.933;23.899
4111308;Itaúna do Sul;4.447;1.822;1.763;2.549;1.036;3.585
4111407;Ivaí;11.899;6.672;6.134;4.623;8.183;12.806
4111506;Ivaiporã;32.270;15.409;16.403;27.431;4.381;31.812
4111555;Ivaté;6.925;3.820;3.704;5.241;2.283;7.524
4111605;Ivatuba;2.796;1.435;1.573;2.294;714;3.008
4111704;Jaboti;4.590;2.485;2.410;3.025;1.870;4.895
4111803;Jacarezinho;39.625;19.120;19.973;34.763;4.330;39.093
4111902;Jaguapitã;10.932;6.125;6.131;10.412;1.844;12.256
4112009;Jaguariaíva;30.780;16.097;16.519;28.051;4.565;32.616
4112108;Jandaia do Sul;19.676;9.898;10.385;18.337;1.946;20.283
4112207;Janiópolis;8.084;3.274;3.262;4.042;2.494;6.536
4112306;Japira;4.901;2.546;2.364;2.734;2.176;4.910
4112405;Japurá;7.755;4.319;4.228;7.614;933;8.547
4112504;Jardim Alegre;13.673;6.272;6.053;7.175;5.150;12.325
4112603;Jardim Olinda;1.523;699;710;1.001;408;1.409
4112702;Jataizinho;11.327;5.869;5.990;11.037;822;11.859
4112751;Jesuítas;9.832;4.470;4.531;6.070;2.931;9.001
4112801;Joaquim Távora;9.661;5.319;5.416;8.219;2.516;10.735
4112900;Jundiaí do Sul;3.659;1.742;1.691;1.975;1.458;3.433
4112959;Juranda;8.134;3.815;3.826;5.839;1.802;7.641
4113007;Jussara;6.299;3.264;3.349;5.936;677;6.613
4113106;Kaloré;5.044;2.281;2.222;3.217;1.286;4.503
4113205;Lapa;41.838;22.646;22.290;27.228;17.708;44.936
4113254;Laranjal;7.121;3.236;3.125;2.031;4.330;6.361
4113304;Laranjeiras do Sul;30.025;14.993;15.790;25.039;5.744;30.783
4113403;Leópolis;4.440;2.054;2.091;2.401;1.744;4.145
4113429;Lidianópolis;4.783;1.962;2.010;2.046;1.926;3.972
4113452;Lindoeste;6.224;2.793;2.570;2.384;2.979;5.363
4113502;Loanda;19.549;10.456;10.755;19.281;1.930;21.211
4113601;Lobato;4.064;2.224;2.168;4.099;293;4.392
4113700;Londrina;447.065;243.017;263.628;493.457;13.188;506.645
4113734;Luiziana;7.540;3.742;3.575;4.762;2.555;7.317
4113759;Lunardelli;5.668;2.560;2.596;3.593;1.563;5.156
4113809;Lupionópolis;4.323;2.261;2.331;4.079;513;4.592
4113908;Mallet;12.602;6.721;6.252;7.570;5.403;12.973
4114005;Mamborê;15.156;6.947;7.021;8.988;4.980;13.968
4114104;Mandaguaçu;16.828;9.855;9.929;17.570;2.214;19.784
4114203;Mandaguari;31.395;16.032;16.637;30.950;1.719;32.669
4114302;Mandirituba;17.540;11.338;10.897;7.419;14.816;22.235
4114351;Manfrinópolis;3.802;1.680;1.447;652;2.475;3.127
4114401;Mangueirinha;17.760;8.433;8.608;8.386;8.655;17.041
4114500;Manoel Ribas;13.066;6.525;6.639;6.802;6.362;13.164
4114609;Marechal Cândido Rondon;41.007;22.833;23.966;39.134;7.665;46.799
4114708;Maria Helena;6.384;2.994;2.962;3.994;1.962;5.956
4114807;Marialva;28.702;15.797;16.175;25.794;6.178;31.972
4114906;Marilândia do Sul;9.071;4.495;4.360;6.312;2.543;8.855
4115002;Marilena;6.756;3.532;3.322;4.983;1.871;6.854
4115101;Mariluz;10.296;5.113;5.111;8.467;1.757;10.224
4115200;Maringá;288.653;171.748;185.369;349.120;7.997;357.117
4115309;Mariópolis;6.017;3.116;3.153;4.469;1.800;6.269
4115358;Maripá;5.889;2.843;2.848;3.267;2.424;5.691
4115408;Marmeleiro;13.665;6.916;6.993;8.835;5.074;13.909
4115457;Marquinho;5.659;2.611;2.372;523;4.460;4.983
4115507;Marumbi;4.612;2.283;2.316;3.139;1.460;4.599
4115606;Matelândia;14.344;7.968;8.109;11.612;4.465;16.077
4115705;Matinhos;24.184;14.333;15.093;29.277;149;29.426
4115739;Mato Rico;4.496;2.032;1.790;961;2.861;3.822
4115754;Mauá da Serra;6.471;4.364;4.189;7.011;1.542;8.553
4115804;Medianeira;37.827;20.578;21.252;37.403;4.427;41.830
4115853;Mercedes;4.608;2.524;2.522;2.439;2.607;5.046
4115903;Mirador;2.500;1.181;1.146;1.579;748;2.327
4116000;Miraselva;1.961;922;936;1.430;428;1.858
4116059;Missal;10.433;5.269;5.205;5.420;5.054;10.474
4116109;Moreira Sales;13.395;6.315;6.291;9.933;2.673;12.606
4116208;Morretes;15.275;7.950;7.768;7.178;8.540;15.718
4116307;Munhoz de Melo;3.401;1.839;1.839;2.980;698;3.678
4116406;Nossa Senhora das Graças;3.833;1.953;1.881;3.183;651;3.834
4116505;Nova Aliança do Ivaí;1.338;717;716;1.043;390;1.433
4116604;Nova América da Colina;3.585;1.770;1.710;2.526;954;3.480
4116703;Nova Aurora;13.641;5.832;6.039;9.045;2.826;11.871
4116802;Nova Cantu;9.914;3.757;3.668;4.104;3.321;7.425
4116901;Nova Esperança;25.729;13.018;13.595;24.314;2.299;26.613
4116950;Nova Esperança do Sudoeste;5.258;2.662;2.448;1.753;3.357;5.110
4117008;Nova Fátima;8.305;4.037;4.116;6.615;1.538;8.153
4117057;Nova Laranjeiras;11.699;5.693;5.546;2.375;8.864;11.239
4117107;Nova Londrina;13.169;6.419;6.650;12.024;1.045;13.069
4117206;Nova Olímpia;5.280;2.694;2.812;4.688;818;5.506
4117255;Nova Prata do Iguaçu;10.397;5.221;5.148;6.066;4.303;10.369
4117214;Nova Santa Bárbara;3.611;1.896;2.015;3.282;629;3.911
4117222;Nova Santa Rosa;7.125;3.791;3.834;5.315;2.310;7.625
4117271;Nova Tebas;9.476;3.807;3.582;2.891;4.498;7.389
4117297;Novo Itacolomi;2.866;1.485;1.342;1.588;1.239;2.827
4117305;Ortigueira;25.216;12.067;11.297;9.574;13.790;23.364
4117404;Ourizona;3.396;1.703;1.677;3.042;338;3.380
4117453;Ouro Verde do Oeste;5.472;2.865;2.825;4.040;1.650;5.690
4117503;Paiçandu;30.764;17.840;18.101;35.450;491;35.941
4117602;Palmas;34.819;21.180;21.707;39.803;3.084;42.887
4117701;Palmeira;30.847;16.046;16.079;19.376;12.749;32.125
4117800;Palmital;16.958;7.515;7.355;7.403;7.467;14.870
4117909;Palotina;25.771;14.003;14.689;24.655;4.037;28.692
4118006;Paraíso do Norte;9.739;5.856;5.925;11.108;673;11.781
4118105;Paranacity;9.109;5.115;5.141;9.475;781;10.256
4118204;Paranaguá;127.339;69.301;71.149;135.405;5.045;140.450
4118303;Paranapoema;2.393;1.383;1.408;2.500;291;2.791
4118402;Paranavaí;75.750;39.285;42.310;77.733;3.862;81.595
4118451;Pato Bragado;4.049;2.367;2.456;2.991;1.832;4.823
4118501;Pato Branco;62.234;34.984;37.389;68.093;4.280;72.373
4118600;Paula Freitas;5.060;2.800;2.630;2.748;2.682;5.430
4118709;Paulo Frontin;6.565;3.634;3.279;2.173;4.740;6.913
4118808;Peabiru;13.487;6.733;6.889;11.009;2.613;13.622
4118857;Perobal;5.291;2.824;2.824;3.081;2.567;5.648
4118907;Pérola;9.282;5.004;5.204;8.069;2.139;10.208
4119004;Pérola d'Oeste;7.354;3.403;3.361;3.190;3.574;6.764
4119103;Piên;9.798;5.745;5.469;4.514;6.700;11.214
4119152;Pinhais;102.985;56.895;60.271;117.166;0;117.166
4119251;Pinhal de São Bento;2.560;1.365;1.255;1.162;1.458;2.620
4119202;Pinhalão;6.217;3.163;3.047;3.921;2.289;6.210
4119301;Pinhão;28.408;15.192;15.041;15.323;14.910;30.233
4119400;Piraí do Sul;21.647;11.621;11.804;16.104;7.321;23.425
4119509;Piraquara;72.886;48.220;45.059;45.779;47.500;93.279
4119608;Pitanga;35.861;16.247;16.398;20.587;12.058;32.645
4119657;Pitangueiras;2.418;1.441;1.373;2.040;774;2.814
4119707;Planaltina do Paraná;3.992;2.074;2.021;2.774;1.321;4.095
4119806;Planalto;14.122;6.851;6.817;6.080;7.588;13.668
4119905;Ponta Grossa;273.616;151.429;160.268;304.841;6.856;311.697
4119954;Pontal do Paraná;14.323;10.355;10.564;20.742;177;20.919
4120002;Porecatu;15.881;7.033;7.150;11.440;2.743;14.183
4120101;Porto Amazonas;4.236;2.255;2.260;2.949;1.566;4.515
4120150;Porto Barreiro;4.206;1.914;1.745;688;2.971;3.659
4120200;Porto Rico;2.550;1.284;1.247;1.764;767;2.531
4120309;Porto Vitória;4.051;2.066;1.954;2.229;1.791;4.020
4120333;Prado Ferreira;3.152;1.735;1.699;3.016;418;3.434
4120358;Pranchita;6.260;2.817;2.815;3.609;2.023;5.632
4120408;Presidente Castelo Branco;4.305;2.449;2.326;4.188;587;4.775
4120507;Primeiro de Maio;10.728;5.401;5.431;10.083;749;10.832
4120606;Prudentópolis;46.346;24.893;23.900;22.458;26.335;48.793
4120655;Quarto Centenário;5.333;2.391;2.465;2.912;1.944;4.856
4120705;Quatiguá;6.742;3.455;3.589;6.371;673;7.044
4120804;Quatro Barras;16.161;9.924;9.862;17.923;1.863;19.786
4120853;Quatro Pontes;3.646;1.849;1.955;2.436;1.368;3.804
4120903;Quedas do Iguaçu;27.364;15.385;15.200;20.988;9.597;30.585
4121000;Querência do Norte;11.438;5.940;5.809;7.627;4.122;11.749
4121109;Quinta do Sol;5.759;2.543;2.542;3.809;1.276;5.085
4121208;Quitandinha;15.272;8.838;8.250;4.886;12.202;17.088
4121257;Ramilândia;3.868;2.124;2.010;2.043;2.091;4.134
4121307;Rancho Alegre;4.197;1.953;2.002;3.470;485;3.955
4121356;Rancho Alegre D'Oeste;3.117;1.415;1.432;2.303;544;2.847
4121406;Realeza;16.023;8.005;8.343;11.808;4.540;16.348
4121505;Rebouças;13.663;7.201;6.975;7.505;6.671;14.176
4121604;Renascença;6.959;3.424;3.386;3.483;3.327;6.810
4121703;Reserva;23.977;12.927;12.250;12.211;12.966;25.177
4121752;Reserva do Iguaçu;6.678;3.763;3.564;3.921;3.406;7.327
4121802;Ribeirão Claro;10.903;5.278;5.412;7.093;3.597;10.690
4121901;Ribeirão do Pinhal;14.341;6.731;6.791;11.088;2.434;13.522
4122008;Rio Azul;13.023;7.340;6.753;5.012;9.081;14.093
4122107;Rio Bom;3.546;1.742;1.592;2.007;1.327;3.334
4122156;Rio Bonito do Iguaçu;13.791;7.064;6.596;3.325;10.335;13.660
4122172;Rio Branco do Ivaí;3.758;1.962;1.935;919;2.978;3.897
4122206;Rio Branco do Sul;29.341;15.553;15.109;22.044;8.618;30.662
4122305;Rio Negro;28.710;15.556;15.705;25.700;5.561;31.261
4122404;Rolândia;49.410;28.462;29.408;54.758;3.112;57.870
4122503;Roncador;13.632;5.824;5.720;7.126;4.418;11.544
4122602;Rondon;8.527;4.569;4.436;7.200;1.805;9.005
4122651;Rosário do Ivaí;6.585;2.828;2.758;2.721;2.865;5.586
4122701;Sabáudia;5.413;3.050;3.045;5.096;999;6.095
4122800;Salgado Filho;5.338;2.248;2.155;2.252;2.151;4.403
4122909;Salto do Itararé;5.549;2.614;2.564;3.723;1.455;5.178
4123006;Salto do Lontra;12.757;6.934;6.738;7.429;6.243;13.672
4123105;Santa Amélia;4.407;1.909;1.895;2.887;917;3.804
4123204;Santa Cecília do Pavão;4.064;1.804;1.842;3.057;589;3.646
4123303;Santa Cruz de Monte Castelo;8.578;4.054;4.039;5.744;2.349;8.093
4123402;Santa Fé;8.870;5.119;5.317;9.230;1.206;10.436
4123501;Santa Helena;20.491;11.507;11.918;12.596;10.829;23.425
4123600;Santa Inês;2.099;927;891;1.192;626;1.818
4123709;Santa Isabel do Ivaí;9.154;4.383;4.372;7.056;1.699;8.755
4123808;Santa Izabel do Oeste;11.711;6.621;6.513;7.427;5.707;13.134
4123824;Santa Lúcia;4.126;1.959;1.967;2.537;1.389;3.926
4123857;Santa Maria do Oeste;13.639;5.911;5.586;3.209;8.288;11.497
4123907;Santa Mariana;13.470;6.174;6.263;8.323;4.114;12.437
4123956;Santa Mônica;3.190;1.845;1.725;1.475;2.095;3.570
4124020;Santa Tereza do Oeste;10.754;5.247;5.095;8.038;2.304;10.342
4124053;Santa Terezinha de Itaipu;18.368;10.198;10.636;18.832;2.002;20.834
4124004;Santana do Itararé;5.638;2.643;2.606;3.456;1.793;5.249
4124103;Santo Antônio da Platina;39.943;20.968;21.720;36.937;5.751;42.688
4124202;Santo Antônio do Caiuá;2.878;1.349;1.383;2.128;604;2.732
4124301;Santo Antônio do Paraíso;2.790;1.203;1.209;1.826;586;2.412
4124400;Santo Antônio do Sudoeste;17.870;9.279;9.626;13.712;5.193;18.905
4124509;Santo Inácio;5.188;2.663;2.606;4.200;1.069;5.269
4124608;São Carlos do Ivaí;5.904;3.255;3.097;5.679;673;6.352
4124707;São Jerônimo da Serra;11.750;5.845;5.491;5.657;5.679;11.336
4124806;São João;11.207;5.243;5.364;6.746;3.861;10.607
4124905;São João do Caiuá;6.091;2.923;2.986;5.039;870;5.909
4125001;São João do Ivaí;13.196;5.672;5.851;8.879;2.644;11.523
4125100;São João do Triunfo;12.418;7.208;6.496;4.048;9.656;13.704
4125308;São Jorge do Ivaí;5.590;2.725;2.783;4.772;736;5.508
4125357;São Jorge do Patrocínio;6.604;3.067;2.980;3.542;2.505;6.047
4125209;São Jorge d'Oeste;9.307;4.546;4.539;5.214;3.871;9.085
4125407;São José da Boa Vista;6.978;3.365;3.146;3.864;2.647;6.511
4125456;São José das Palmeiras;4.102;1.927;1.904;2.412;1.419;3.831
4125506;São José dos Pinhais;204.316;130.211;133.277;236.233;27.255;263.488
4125555;São Manoel do Paraná;2.072;1.054;1.044;1.159;939;2.098
4125605;São Mateus do Sul;36.569;20.782;20.475;25.706;15.551;41.257
4125704;São Miguel do Iguaçu;24.432;12.835;12.920;16.476;9.279;25.755
4125753;São Pedro do Iguaçu;7.277;3.291;3.201;4.056;2.436;6.492
4125803;São Pedro do Ivaí;9.473;5.107;5.057;8.038;2.126;10.164
4125902;São Pedro do Paraná;2.738;1.263;1.231;1.633;861;2.494
4126009;São Sebastião da Amoreira;8.548;4.257;4.372;7.596;1.033;8.629
4126108;São Tomé;5.045;2.696;2.653;4.446;903;5.349
4126207;Sapopema;6.872;3.507;3.229;3.552;3.184;6.736
4126256;Sarandi;71.422;40.839;42.003;82.155;687;82.842
4126272;Saudade do Iguaçu;4.608;2.526;2.481;2.500;2.507;5.007
4126306;Sengés;17.778;9.462;8.948;15.108;3.302;18.410
4126355;Serranópolis do Iguaçu;4.740;2.229;2.339;2.322;2.246;4.568
4126405;Sertaneja;6.521;2.896;2.921;5.105;712;5.817
4126504;Sertanópolis;15.147;7.753;7.884;13.716;1.921;15.637
4126603;Siqueira Campos;16.000;9.197;9.249;13.419;5.027;18.446
4126652;Sulina;3.918;1.713;1.681;1.390;2.004;3.394
4126678;Tamarana;9.713;6.253;5.979;5.857;6.375;12.232
4126702;Tamboara;4.255;2.309;2.355;3.995;669;4.664
4126801;Tapejara;13.120;7.306;7.294;13.168;1.432;14.600
4126900;Tapira;6.282;2.918;2.916;3.434;2.400;5.834
4127007;Teixeira Soares;8.192;5.327;4.950;4.793;5.484;10.277
4127106;Telêmaco Borba;61.238;34.388;35.490;68.431;1.447;69.878
4127205;Terra Boa;14.640;7.831;7.960;13.057;2.734;15.791
4127304;Terra Rica;13.797;7.624;7.632;12.393;2.863;15.256
4127403;Terra Roxa;16.300;8.300;8.463;12.802;3.961;16.763
4127502;Tibagi;18.434;9.793;9.539;11.675;7.657;19.332
4127601;Tijucas do Sul;12.260;7.537;6.989;2.267;12.259;14.526
4127700;Toledo;98.200;58.359;60.994;108.287;11.066;119.353
4127809;Tomazina;9.931;4.528;4.260;4.119;4.669;8.788
4127858;Três Barras do Paraná;11.822;5.994;5.830;6.095;5.729;11.824
4127882;Tunas do Paraná;3.611;3.272;2.986;2.790;3.468;6.258
4127908;Tuneiras do Oeste;9.013;4.443;4.254;5.975;2.722;8.697
4127957;Tupãssi;8.018;4.053;3.944;6.286;1.711;7.997
4127965;Turvo;14.530;6.991;6.847;5.053;8.785;13.838
4128005;Ubiratã;22.593;10.509;11.053;18.400;3.162;21.562
4128104;Umuarama;90.690;48.818;51.898;93.489;7.227;100.716
4128203;União da Vitória;48.522;25.826;26.927;50.002;2.751;52.753
4128302;Uniflor;2.362;1.231;1.234;1.986;479;2.465
4128401;Uraí;11.876;5.680;5.792;9.358;2.114;11.472
4128534;Ventania;8.024;5.147;4.820;6.515;3.452;9.967
4128559;Vera Cruz do Oeste;9.651;4.411;4.562;6.863;2.110;8.973
4128609;Verê;8.721;3.938;3.941;3.284;4.595;7.879
4128658;Virmond;3.949;1.999;1.951;1.880;2.070;3.950
4128708;Vitorino;6.285;3.228;3.281;3.981;2.528;6.509
4128500;Wenceslau Braz;19.559;9.512;9.782;15.505;3.789;19.294
4128807;Xambrê;6.500;2.998;3.013;1.991;4.020;6.011